snapshot_date,login,name,github_url,website,location,sector,verified,account_type,description,followers,following,public_repos,public_gists,total_stargazers,created_at,updated_at,archived_at,source_url,last_checked
2026-07-21,OpenIPC,OpenIPC,https://github.com/OpenIPC,https://openipc.org,Italy,N/D,False,Organization,Alternative IP Camera firmware from an open community,2284,0,139,0,6149,2018-12-22T15:41:17Z,2025-09-03T09:21:11Z,,https://github.com/OpenIPC,2026-07-21
2026-07-21,italia,Developers Italia,https://github.com/italia,https://developers.italia.it,Italy,PA,True,Organization,Open source code and developers community of the Italian government,1897,0,431,0,6720,2015-10-29T10:07:29Z,2026-06-23T12:13:59Z,,https://github.com/italia,2026-07-21
2026-07-21,volumio,Volumio Srl,https://github.com/volumio,http://volumio.org,Firenze - Italia,N/D,False,User,Open source Audiophile Media Player for Raspberry PI and other micro-computers. Easy to use thanks to its web ui and optimized for bit perfect audio playback,1068,3,135,0,2382,2013-11-02T01:38:15Z,2026-06-22T07:04:55Z,,https://github.com/volumio,2026-07-21
2026-07-21,unitn-drive,UniTN - DISI Drive,https://github.com/unitn-drive,,Italy,N/D,False,Organization,,821,0,5,0,20,2022-05-23T17:02:55Z,2023-06-16T11:36:14Z,,https://github.com/unitn-drive,2026-07-21
2026-07-21,NyarchLinux,Nyarch Linux,https://github.com/NyarchLinux,https://nyarchlinux.moe,Italy,N/D,False,Organization,Nyarch Linux is a (meme) linux distribution based on Arch Linux made for very degenerated weebs,691,0,34,0,1835,2022-12-30T13:39:51Z,2024-01-27T20:07:31Z,,https://github.com/NyarchLinux,2026-07-21
2026-07-21,cheshire-cat-ai,Cheshire Cat AI,https://github.com/cheshire-cat-ai,,Italy,N/D,False,Organization,,634,0,23,0,3413,2023-06-01T14:02:25Z,2024-03-06T16:11:54Z,,https://github.com/cheshire-cat-ai,2026-07-21
2026-07-21,DevExpPlatform,Developer Experience Platform for Eng Group,https://github.com/DevExpPlatform,,Italy,N/D,False,Organization,Sperimentazione Piattaforma Corporate per gli sviluppatori,560,0,6,0,1,2024-06-17T13:32:11Z,2026-07-10T09:13:01Z,,https://github.com/DevExpPlatform,2026-07-21
2026-07-21,Tiledesk,Tiledesk,https://github.com/Tiledesk,https://www.tiledesk.com,Italy,N/D,False,Organization,"Open-source platform to build and automate AI agents, streamline workflows and integrate seamlessly with your products through white-label solutions",434,0,30,0,850,2018-06-03T19:50:26Z,2025-09-14T17:10:10Z,,https://github.com/Tiledesk,2026-07-21
2026-07-21,SPDM-Team,SPDM Team,https://github.com/SPDM-Team,spdmteam.com,Italy,N/D,False,Organization,Secret Police Department (mainly lego hacks department),418,0,3,0,89,2022-05-19T17:43:18Z,2022-05-19T17:49:35Z,,https://github.com/SPDM-Team,2026-07-21
2026-07-21,robotology,Robotology,https://github.com/robotology,https://icub.iit.it,Italy,N/D,False,Organization,Group software repositories of the iCub eco-system (but code developed is not necessarily iCub specific!).,333,0,153,0,2706,2012-03-29T13:49:13Z,2025-10-31T17:18:17Z,,https://github.com/robotology,2026-07-21
2026-07-21,pagopa,PagoPA S.p.A.,https://github.com/pagopa,https://pagopa.it/,Italy,PMI,True,Organization,Software e servizi digitali pubblici gestiti da PagoPA S.p.A.,323,0,771,0,1683,2019-11-14T05:21:03Z,2026-07-01T21:03:49Z,,https://github.com/pagopa,2026-07-21
2026-07-21,sapienzastudentsnetwork,Sapienza Students Network,https://github.com/sapienzastudentsnetwork,https://sapienzastudents.net/,Italy,N/D,False,Organization,Organizzazione studentesca indipendente volta a promuovere iniziative collaborative e a favorire un senso di comunità,318,0,30,0,389,2021-11-30T16:47:18Z,2025-10-05T16:32:29Z,,https://github.com/sapienzastudentsnetwork,2026-07-21
2026-07-21,cnr-isti-vclab,Visual Computing Lab - ISTI - CNR,https://github.com/cnr-isti-vclab,http://vcg.isti.cnr.it,Italy,N/D,False,Organization,,297,0,39,0,9705,2015-07-17T08:45:26Z,2022-02-19T22:20:22Z,,https://github.com/cnr-isti-vclab,2026-07-21
2026-07-21,cartabinaria,CartaBinaria,https://github.com/cartabinaria,https://cartabinaria.students.cs.unibo.it,Italy,N/D,False,Organization,Community of students from the Department of Computer Science and Engineering of the University of Bologna,291,0,198,0,158,2021-09-14T06:56:43Z,2024-10-25T15:49:36Z,,https://github.com/cartabinaria,2026-07-21
2026-07-21,BendingSpoons,Bending Spoons,https://github.com/BendingSpoons,https://www.bendingspoons.com,"Milan, Italy",N/D,False,Organization,,290,0,3,0,2953,2013-05-05T15:31:21Z,2026-07-09T10:15:28Z,,https://github.com/BendingSpoons,2026-07-21
2026-07-21,ami-iit,Artificial and Mechanical Intelligence ,https://github.com/ami-iit,https://ami.iit.it/,Italy,N/D,False,Organization,,254,0,168,0,611,2017-05-04T15:42:54Z,2025-03-27T12:33:36Z,,https://github.com/ami-iit,2026-07-21
2026-07-21,polito,Politecnico di Torino,https://github.com/polito,https://www.polito.it,Italy,N/D,False,Organization,"Politecnico di Torino, Italy - official profile",237,0,9,0,221,2022-07-09T08:10:05Z,2023-05-29T03:23:09Z,,https://github.com/polito,2026-07-21
2026-07-21,mathLab,SISSA mathLab,https://github.com/mathLab,http://mathlab.sissa.it,"Via Bonomea 265, 34133 Trieste, TS, Italy",N/D,False,Organization,Applied Mathematics Laboratory @ SISSA,233,0,30,0,1804,2015-09-09T08:32:18Z,2015-09-09T08:38:43Z,,https://github.com/mathLab,2026-07-21
2026-07-21,geosolutions-it,GeoSolutions,https://github.com/geosolutions-it,https://www.geosolutionsgroup.com,Italy & US,N/D,False,Organization,Your one-stop-shop for geospatial open source software,223,0,155,0,1798,2011-05-08T21:54:27Z,2026-07-07T07:04:33Z,,https://github.com/geosolutions-it,2026-07-21
2026-07-21,Schroedinger-Hat,Schrödinger Hat,https://github.com/Schroedinger-Hat,https://schroedinger-hat.org,Italy,N/D,False,Organization,Non-profit focused on Open Source,218,0,33,0,1610,2020-05-19T14:03:19Z,2026-01-28T09:16:51Z,,https://github.com/Schroedinger-Hat,2026-07-21
2026-07-21,singularityos-lab,Singularity OS,https://github.com/singularityos-lab,sinty.dev,Italy,N/D,False,Organization,An ever-evolving OS.,216,0,43,0,233,2025-01-20T11:11:35Z,2026-01-20T20:37:17Z,,https://github.com/singularityos-lab,2026-07-21
2026-07-21,agentvoiceresponse,Agent Voice Response,https://github.com/agentvoiceresponse,https://www.agentvoiceresponse.com,Italy,N/D,False,Organization,Agent Voice Response is an advanced application that utilizes artificial intelligence to function as a virtual agent,214,0,44,0,196,2024-10-01T18:32:50Z,2025-09-17T13:06:06Z,,https://github.com/agentvoiceresponse,2026-07-21
2026-07-21,iit-DLSLab,"DLS Lab at Istituto Italiano di Tecnologia, Italy",https://github.com/iit-DLSLab,http://dls.iit.it/,"Genova, Italy",N/D,False,Organization,"Dynamic Legged Systems Lab - Design and control of high-performance, versatile legged robots, including planning and perception",211,0,71,0,1649,2015-09-25T12:14:43Z,2026-07-12T11:50:27Z,,https://github.com/iit-DLSLab,2026-07-21
2026-07-21,AlmavivA,AlmavivA S.p.A.,https://github.com/AlmavivA,https://www.almaviva.it/,"Rome, Italy",N/D,False,Organization,AlmavivA Group is Italy's number one Information & Communication Technology provider,208,0,15,0,2,2014-10-02T10:39:37Z,2026-07-06T14:16:44Z,,https://github.com/AlmavivA,2026-07-21
2026-07-21,Il-Libro-Open-Source,Il Libro Open Source,https://github.com/Il-Libro-Open-Source,,Italy,N/D,False,Organization,,206,0,4,0,427,2023-08-08T13:43:53Z,2026-06-27T16:05:06Z,,https://github.com/Il-Libro-Open-Source,2026-07-21
2026-07-21,aimagelab,AImageLab,https://github.com/aimagelab,aimagelab.ing.unimore.it,"Modena, Italy",N/D,False,Organization,"AImageLab is a research laboratory of the Dipartimento di Ingegneria ""Enzo Ferrari"" at the University of Modena and Reggio Emilia, Italy.",193,0,113,0,4928,2017-10-17T11:47:27Z,2025-08-30T17:47:53Z,,https://github.com/aimagelab,2026-07-21
2026-07-21,illustrated-machine-learning,Illustrated Machine Learning,https://github.com/illustrated-machine-learning,https://illustrated-machine-learning.github.io/,Italy,N/D,False,Organization,,192,0,3,0,663,2022-12-31T13:23:12Z,2022-12-31T13:58:38Z,,https://github.com/illustrated-machine-learning,2026-07-21
2026-07-21,Sisal-Org,Sisal-Org,https://github.com/Sisal-Org,,Italy,N/D,False,Organization,,188,0,0,0,0,2023-06-13T12:24:21Z,2026-07-08T02:53:57Z,,https://github.com/Sisal-Org,2026-07-21
2026-07-21,usbarmory,USB armory,https://github.com/usbarmory,,Italy,N/D,False,Organization,"innovative hardware, runtime, firmware, software for secure deployments",188,0,37,0,5023,2021-10-21T07:07:55Z,2025-09-11T12:54:00Z,,https://github.com/usbarmory,2026-07-21
2026-07-21,EtheaDev,Ethea S.r.l.,https://github.com/EtheaDev,http://www.ethea.it,Italy,N/D,False,Organization,Ethea: to create software products in a quick and customized way.,181,0,21,0,1993,2017-01-19T15:02:10Z,2017-01-19T15:12:41Z,,https://github.com/EtheaDev,2026-07-21
2026-07-21,refactoringhq,Refactoring,https://github.com/refactoringhq,https://refactoring.fm/,Italy,N/D,False,Organization,"Newsletter, podcast, and community about how to ship fast and make good software. Followed by 170K+ engineers and managers. Run by @lucaronin",179,0,4,0,18928,2026-02-22T09:55:51Z,2026-06-23T09:25:26Z,,https://github.com/refactoringhq,2026-07-21
2026-07-21,TheWebScrapingClub,The Web Scraping Club,https://github.com/TheWebScrapingClub,https://substack.thewebscraping.club,Italy,N/D,False,Organization,"The Web Scraping Club is a newsletter about web scraping with news, code and tutorials.",171,0,6,0,1978,2022-09-04T18:42:39Z,2024-08-22T16:20:29Z,,https://github.com/TheWebScrapingClub,2026-07-21
2026-07-21,polito-webapp1,Web Applications I / Applicazioni Web I,https://github.com/polito-webapp1,https://elite.polito.it,Italy,N/D,False,Organization,"Web App 1 course at Politecnico di Torino, M.S. in Computer Engineering",170,0,13,0,84,2024-02-05T16:06:19Z,2024-02-21T12:42:56Z,,https://github.com/polito-webapp1,2026-07-21
2026-07-21,cyberpandino,Cyberpandino,https://github.com/cyberpandino,https://cyberpandino.com,Italy,N/D,False,Organization,,164,0,1,0,499,2025-04-19T16:39:37Z,2025-11-16T20:27:30Z,,https://github.com/cyberpandino,2026-07-21
2026-07-21,meetecho,Meetecho,https://github.com/meetecho,https://www.meetecho.com,"Napoli, Italy",N/D,False,Organization,,160,0,18,0,9795,2013-05-24T15:24:13Z,2020-04-08T04:50:35Z,,https://github.com/meetecho,2026-07-21
2026-07-21,cybersecurity-polito,Cybersecurity @ PoliTO,https://github.com/cybersecurity-polito,,Italy,N/D,False,Organization,Cybersecurity Students Team @ PoliTo ,158,0,7,0,6,2024-03-08T12:53:14Z,2026-06-29T16:25:17Z,,https://github.com/cybersecurity-polito,2026-07-21
2026-07-21,polito-informatica, Informatica (Politecnico di Torino),https://github.com/polito-informatica,https://elite.polito.it/teaching/14bhd-informatica,Italy,N/D,False,Organization,"Materiale del corso di Informatica (Politecnico di Torino), primo anno comune di ingegneria, codice 14BHD",156,0,7,0,91,2023-09-14T13:42:05Z,2026-07-14T17:02:55Z,,https://github.com/polito-informatica,2026-07-21
2026-07-21,teamdigitale,Team Digitale,https://github.com/teamdigitale,https://teamdigitale.governo.it,"Rome, Italy",PA,True,Organization,Team per la Trasformazione Digitale - Presidenza del Consiglio dei Ministri - Italia,148,0,154,0,336,2017-01-12T14:12:28Z,2026-03-30T15:42:56Z,,https://github.com/teamdigitale,2026-07-21
2026-07-21,clastix,Clastix Labs,https://github.com/clastix,https://clastix.io,Italy,N/D,False,Organization,Bringing Kubernetes Multi-Tenancy over the top: avoid clusters sprawl and save from the operational burden,143,0,53,0,2392,2018-05-10T19:14:43Z,2023-11-17T19:36:27Z,,https://github.com/clastix,2026-07-21
2026-07-21,NethServer,NethServer,https://github.com/NethServer,https://www.nethserver.org,Italy,N/D,False,Organization,Multi-node application platform for your Hybrid Cloud,142,0,300,0,678,2014-01-22T08:28:11Z,2026-07-18T11:43:55Z,,https://github.com/NethServer,2026-07-21
2026-07-21,SapienzaNLP,Sapienza NLP group,https://github.com/SapienzaNLP,nlp.uniroma1.it,"Rome, Italy",N/D,False,Organization,The NLP group at the Sapienza University of Rome,136,0,85,0,1474,2020-02-24T13:11:57Z,2025-12-02T16:36:12Z,,https://github.com/SapienzaNLP,2026-07-21
2026-07-21,gem,Global Earthquake Model,https://github.com/gem,http://www.globalquakemodel.org,"Pavia, Italy",N/D,False,Organization,GEM is a non-profit foundation that drives a global collaborative effort to assess earthquake risk around the globe,130,0,96,0,703,2010-06-28T14:58:26Z,2026-05-17T10:16:21Z,,https://github.com/gem,2026-07-21
2026-07-21,ondata,onData,https://github.com/ondata,http://ondata.it/,Italy,N/D,False,Organization,Public repositories by onData association,129,0,141,0,786,2014-12-21T20:54:19Z,2026-07-17T11:49:54Z,,https://github.com/ondata,2026-07-21
2026-07-21,Home-Assistant-Pro-Team,Home Assistant Pro Team,https://github.com/Home-Assistant-Pro-Team,,Italy,N/D,False,Organization,"Team sempre aperto alla collabroazione, nato per sviluppare progetti avanzati in Home Assistant",127,0,10,0,252,2023-02-08T13:03:16Z,2023-06-25T20:04:35Z,,https://github.com/Home-Assistant-Pro-Team,2026-07-21
2026-07-21,openforis,Open Foris,https://github.com/openforis,http://www.openforis.org,"Rome, Italy",N/D,False,Organization,Free open-source solutions for environmental monitoring,127,0,60,0,622,2011-11-22T11:38:23Z,2026-06-29T11:34:31Z,,https://github.com/openforis,2026-07-21
2026-07-21,un-fao,Food and Agriculture Organization of the United Nations (FAO),https://github.com/un-fao,www.fao.org,Italy,N/D,False,Organization,Food and Agriculture Organization of the United Nations (FAO),127,0,33,0,47,2022-02-23T17:48:40Z,2026-03-20T20:41:26Z,,https://github.com/un-fao,2026-07-21
2026-07-21,Corsinvest,Corsinvest Srl,https://github.com/Corsinvest,https://www.corsinvest.it,Italy,N/D,False,Organization,Corsinvest ❤️ Open Source,125,0,29,0,3218,2018-01-26T17:33:04Z,2021-03-12T20:14:53Z,,https://github.com/Corsinvest,2026-07-21
2026-07-21,virgili0,Virgilio Data Science,https://github.com/virgili0,https://virgili0.github.io/Virgilio,Italy,N/D,False,Organization,"Meet Virgilio, your New E-Mentor for Data Science and Machine Learning.",120,0,1,0,14889,2019-05-15T20:04:33Z,2020-06-26T23:19:24Z,,https://github.com/virgili0,2026-07-21
2026-07-21,ChibiOS,ChibiOS,https://github.com/ChibiOS,http://www.chibios.org,Italy,N/D,False,Organization,This is the official Github page of the ChibiOS project,114,0,4,0,1033,2012-11-15T08:20:09Z,2022-10-03T09:02:26Z,,https://github.com/ChibiOS,2026-07-21
2026-07-21,mkinf-io,mkinf,https://github.com/mkinf-io,https://mkinf.io,Italy,N/D,False,Organization,Streamline deployment of AI agents,113,0,6,0,171,2024-05-16T17:32:42Z,2025-03-11T11:33:05Z,,https://github.com/mkinf-io,2026-07-21
2026-07-21,RealityNet,RealityNet,https://github.com/RealityNet,http://www.realitynet.eu,Italy,N/D,False,Organization,Reality Net System Solutions,110,0,9,0,1779,2015-12-28T11:02:21Z,2015-12-28T11:04:34Z,,https://github.com/RealityNet,2026-07-21
2026-07-21,italia-opensource,Italia Open-Source,https://github.com/italia-opensource,https://italiaopensource.com,Italy,N/D,False,Organization,"Italian Open-Source is the only fully open-source platform that transparently gives voice, discovers, and explores Italy's tech innovations. Knowledge is open ",109,0,4,0,346,2022-09-02T21:09:57Z,2024-11-29T18:01:03Z,,https://github.com/italia-opensource,2026-07-21
2026-07-21,Programmazione-Avanzata-2025-26,Programmazione Avanzata 2025-26,https://github.com/Programmazione-Avanzata-2025-26,,Italy,N/D,False,Organization,"Pagina ufficiale del corso di Programmazione Avanzata, Ing. Gestionale, Politecnico di Torino",108,0,33,0,5,2025-09-09T14:19:13Z,2025-09-18T08:11:48Z,,https://github.com/Programmazione-Avanzata-2025-26,2026-07-21
2026-07-21,informatici,Informatici Senza Frontiere,https://github.com/informatici,www.informaticisenzafrontiere.org,Italy,N/D,False,Organization,,108,0,20,0,944,2012-12-19T22:34:03Z,2026-06-22T11:41:56Z,,https://github.com/informatici,2026-07-21
2026-07-21,mia-platform,Mia-Platform,https://github.com/mia-platform,https://www.mia-platform.eu/,Italy,N/D,False,Organization,"Mia-Platform, the simplest way to develop and operate modern applications on Kubernetes.",108,0,72,0,334,2015-01-13T12:00:58Z,2025-04-17T16:31:08Z,,https://github.com/mia-platform,2026-07-21
2026-07-21,vira-soft,Vira Software,https://github.com/vira-soft,https://vira.build,Italy,N/D,False,Organization,"Vira Theme is the official successor of the popular Material Theme. This premium version is actively maintained, includes hand-curated icons and more features",108,0,1,0,11319,2019-08-21T10:11:24Z,2026-07-11T13:14:34Z,,https://github.com/vira-soft,2026-07-21
2026-07-21,mesh-iit,MESH,https://github.com/mesh-iit,https://mesh.iit.it,Italy,N/D,False,Organization,MESH Facility at Istituto Italiano di Tecnologia,107,0,57,0,385,2019-07-10T16:33:58Z,2026-03-20T13:58:46Z,,https://github.com/mesh-iit,2026-07-21
2026-07-21,opencitations,OpenCitations,https://github.com/opencitations,opencitations.net,"Bologna, Italy",N/D,False,Organization,OpenCitations is an independent infrastructure organization for open scholarship dedicated to the publication of open bibliographic and citation data.,107,0,86,0,308,2011-06-30T14:07:10Z,2025-07-08T09:48:41Z,,https://github.com/opencitations,2026-07-21
2026-07-21,unicef-drp,Office of Strategy and Evidence Innocenti,https://github.com/unicef-drp,,Italy,N/D,False,Organization,,106,0,51,0,136,2019-02-19T22:16:48Z,2026-07-10T14:36:32Z,,https://github.com/unicef-drp,2026-07-21
2026-07-21,ASEM-S-R-L,ASEM S.r.l,https://github.com/ASEM-S-R-L,https://www.asem.it/en/,Italy,N/D,False,Organization,,104,0,0,0,0,2021-01-27T15:12:44Z,2024-01-13T00:49:48Z,,https://github.com/ASEM-S-R-L,2026-07-21
2026-07-21,ZapprTV,Zappr,https://github.com/ZapprTV,https://zappr.stream,Italy,N/D,False,Organization,"Guarda facilmente il digitale terrestre italiano, nazionale e locale. Tutto nel tuo browser, gratis e senza configurazione. Di @FrancescoRosi.",104,0,13,0,104,2023-12-24T13:28:08Z,2025-10-07T15:42:28Z,,https://github.com/ZapprTV,2026-07-21
2026-07-21,typeonce-dev,Typeonce,https://github.com/typeonce-dev,https://www.typeonce.dev,Italy,N/D,False,Organization,Open source courses on how to build production web and mobile applications,101,0,13,0,630,2024-07-13T07:31:24Z,2024-07-20T14:58:38Z,,https://github.com/typeonce-dev,2026-07-21
2026-07-21,UNICT-DMI,UNICT Devs,https://github.com/UNICT-DMI,,Italy,N/D,False,Organization,All UNICT devs projects,100,0,52,0,319,2017-01-14T17:58:17Z,2024-02-08T22:32:12Z,,https://github.com/UNICT-DMI,2026-07-21
2026-07-21,CompEngMS,Computer Engineering MS - Sapienza,https://github.com/CompEngMS,,Italy,N/D,False,Organization,,99,0,25,0,37,2021-07-15T08:14:37Z,2025-01-25T08:03:29Z,,https://github.com/CompEngMS,2026-07-21
2026-07-21,commercelayer,Commerce Layer,https://github.com/commercelayer,https://commercelayer.io,Italy,N/D,False,Organization,Composable commerce API for developers.,99,0,90,0,670,2015-07-17T10:27:17Z,2026-05-28T07:24:39Z,,https://github.com/commercelayer,2026-07-21
2026-07-21,gbionics,Generative Bionics,https://github.com/gbionics,https://gbionics.ai/,Italy,N/D,False,Organization,Amplifying humans,99,0,67,0,3116,2024-12-09T16:43:14Z,2026-06-25T08:07:10Z,,https://github.com/gbionics,2026-07-21
2026-07-21,KatharaFramework,Kathará,https://github.com/KatharaFramework,http://www.kathara.org,Italy,N/D,False,Organization,,98,0,15,0,951,2018-09-02T14:09:35Z,2025-09-11T14:07:25Z,,https://github.com/KatharaFramework,2026-07-21
2026-07-21,polimi-ispl,Image and Sound Processing Lab,https://github.com/polimi-ispl,http://ispl.deib.polimi.it,"Milan, Italy",N/D,False,Organization,,96,0,70,0,899,2018-01-25T19:00:15Z,2025-12-19T17:11:14Z,,https://github.com/polimi-ispl,2026-07-21
2026-07-21,nephila,Nephila,https://github.com/nephila,https://nephila.digital,"Italy, United Kingdom, Switzerland",N/D,False,Organization,"The Open source & Django web company based in Firenze, London and Zürich - https://gitter.im/nephila/applications",94,0,117,0,1851,2011-02-21T17:19:12Z,2026-06-23T11:31:48Z,,https://github.com/nephila,2026-07-21
2026-07-21,freelensapp,Freelens,https://github.com/freelensapp,https://www.freelens.app,Italy,N/D,False,Organization,Free Open Source Kubernetes IDE,89,0,21,0,5531,2024-06-07T12:05:27Z,2025-05-17T16:00:48Z,,https://github.com/freelensapp,2026-07-21
2026-07-21,pythonitalia,Python Italia,https://github.com/pythonitalia,http://www.python.it,Italy,N/D,False,Organization,,89,0,45,0,263,2013-02-12T17:26:37Z,2026-06-26T11:36:51Z,,https://github.com/pythonitalia,2026-07-21
2026-07-21,unipr-org,unipr-org,https://github.com/unipr-org,https://unipr-org.github.io/,Italy,N/D,False,Organization,L'organizzazione Github dedicata a riunire lɜ studentɜ di Informatica dell'Università di Parma.,89,0,35,0,52,2024-01-03T19:37:55Z,2024-10-21T11:04:12Z,,https://github.com/unipr-org,2026-07-21
2026-07-21,XENONnT,XENONnT Dark Matter experiment,https://github.com/XENONnT,https://en.wikipedia.org/wiki/XENON,"Gran Sasso, Italy",N/D,False,Organization,Software for the XENONnT experiment,86,0,50,0,96,2018-04-07T03:00:27Z,2024-07-03T18:36:41Z,,https://github.com/XENONnT,2026-07-21
2026-07-21,datocms,DatoCMS,https://github.com/datocms,https://www.datocms.com,Italy,N/D,False,Organization,The API-based CMS your editors will love,86,0,95,0,1305,2016-05-30T12:42:49Z,2026-03-04T12:38:46Z,,https://github.com/datocms,2026-07-21
2026-07-21,immobiliare,Immobiliare Labs,https://github.com/immobiliare,https://labs.immobiliare.it,"Rome, Italy",N/D,False,Organization,It took sharp skills in technology to establish Immobiliare.it as the leadering online service provider for the real estate market.,85,0,39,0,3043,2014-12-05T18:56:21Z,2026-07-02T11:51:28Z,,https://github.com/immobiliare,2026-07-21
2026-07-21,neuron-core,Neuron,https://github.com/neuron-core,https://neuron-ai.dev,Italy,N/D,False,Organization,"The PHP Agentic Framework to build production-ready AI driven applications. Connect components (LLMs, vector DBs, memory) to agents that can interact with your ",85,0,17,0,2362,2025-09-03T06:41:12Z,2026-05-02T10:34:43Z,,https://github.com/neuron-core,2026-07-21
2026-07-21,TdP-2024,"Tecniche di Programmazione (2023/2024), Politecnico di Torino",https://github.com/TdP-2024,https://bit.ly/polito-TdP,Italy,N/D,False,Organization,"Pagina ufficiale del corso di Tecniche di Programmazione, Ing. Gestionale L8, Politecnico di Torino",83,0,36,0,8,2024-02-01T12:40:06Z,2024-02-11T21:18:35Z,,https://github.com/TdP-2024,2026-07-21
2026-07-21,Polito-DS-Python,Data Structures in Python - PoliTo,https://github.com/Polito-DS-Python,,Italy,N/D,False,Organization,Data Structure in Python Course,82,0,1,0,0,2022-03-03T15:26:59Z,2022-03-03T17:31:00Z,,https://github.com/Polito-DS-Python,2026-07-21
2026-07-21,MilaNLProc,MilaNLP,https://github.com/MilaNLProc,,"Milan, Italy",N/D,False,Organization,,81,0,41,0,1523,2020-02-21T14:26:24Z,2023-06-26T14:02:40Z,,https://github.com/MilaNLProc,2026-07-21
2026-07-21,AIRLab-POLIMI,AIRLab@POLIMI,https://github.com/AIRLab-POLIMI,http://airlab.deib.polimi.it/,"Politecnico di Milano - Piazza Leonardo da Vinci, 32 - Milan - Italy",N/D,False,Organization,,80,0,105,0,487,2013-05-29T08:23:37Z,2023-11-02T15:27:30Z,,https://github.com/AIRLab-POLIMI,2026-07-21
2026-07-21,ASEM-ApplicationSoftwareEngineers,Application Support Engineers Shared Repo,https://github.com/ASEM-ApplicationSoftwareEngineers,,Italy,N/D,False,Organization,Application Support Engineers Repo,77,0,3,0,8,2022-06-24T07:16:57Z,2025-04-08T09:49:04Z,,https://github.com/ASEM-ApplicationSoftwareEngineers,2026-07-21
2026-07-21,krateoplatformops,Krateo PlatformOps,https://github.com/krateoplatformops,https://krateo.io,Italy,N/D,False,Organization,Self-service platform for multi-cloud native resources,77,0,213,0,342,2021-10-13T08:04:55Z,2026-06-21T07:15:52Z,,https://github.com/krateoplatformops,2026-07-21
2026-07-21,ministero-salute,Ministero della Salute,https://github.com/ministero-salute,https://www.salute.gov.it,Italy,PA,False,Organization,Organizzazione GitHub del Ministero della Salute.,76,0,103,0,437,2021-04-27T13:13:21Z,2026-07-11T14:17:17Z,,https://github.com/ministero-salute,2026-07-21
2026-07-21,buildwiththeta,Build with Theta,https://github.com/buildwiththeta,https://buildwiththeta.com,Italy,N/D,False,Organization,,74,0,7,0,292,2022-03-16T21:43:36Z,2023-11-18T08:00:00Z,,https://github.com/buildwiththeta,2026-07-21
2026-07-21,g3w-suite,G3W-SUITE,https://github.com/g3w-suite,https://g3wsuite.it,Italy,N/D,False,Organization,,74,0,32,0,125,2018-02-03T15:20:42Z,2026-04-23T12:35:00Z,,https://github.com/g3w-suite,2026-07-21
2026-07-21,ReactBricks,React Bricks,https://github.com/ReactBricks,https://www.reactbricks.com,"Bergamo, Italy",N/D,False,Organization,CMS with Visual editing based on React components.,72,0,35,0,208,2020-02-12T16:23:19Z,2023-12-27T10:08:18Z,,https://github.com/ReactBricks,2026-07-21
2026-07-21,ZiggyCreatures,ZiggyCreatures,https://github.com/ZiggyCreatures,,Italy,N/D,False,Organization,,72,0,1,0,3837,2022-08-21T08:50:54Z,2022-08-21T10:06:53Z,,https://github.com/ZiggyCreatures,2026-07-21
2026-07-21,mosaico-labs,mosaico,https://github.com/mosaico-labs,https://mosaico.dev,Italy,N/D,False,Organization,Pioneering Data Management for Robotics.,72,0,7,0,1086,2025-06-03T12:30:17Z,2025-10-01T08:11:00Z,,https://github.com/mosaico-labs,2026-07-21
2026-07-21,OliCyberIT,Olimpiadi Italiane di Cybersecurity,https://github.com/OliCyberIT,https://olicyber.it/,Italy,N/D,False,Organization,👾 Olimpiadi Italiane di #CyberSicurezza 🇮🇹 Addestramento in #CyberSecurity dedicato a studenti di Istituti superiori di secondo grado.,71,0,1,0,68,2021-05-12T12:12:09Z,2023-09-14T08:06:38Z,,https://github.com/OliCyberIT,2026-07-21
2026-07-21,FIUP,FIUP,https://github.com/FIUP,http://fiup.space/,"Padua, Italy",N/D,False,Organization,,70,0,40,0,104,2014-06-28T12:09:02Z,2017-09-15T06:27:29Z,,https://github.com/FIUP,2026-07-21
2026-07-21,INGV,Istituto Nazionale di Geofisica e Vulcanologia,https://github.com/INGV,http://www.ingv.it,"Via di Vigna Murata 605 - 00143, Rome, Italy",N/D,False,Organization,,70,0,77,0,143,2014-02-27T12:38:03Z,2025-10-17T12:55:54Z,,https://github.com/INGV,2026-07-21
2026-07-21,UniversitaDellaCalabria,Università della Calabria,https://github.com/UniversitaDellaCalabria,https://www.unical.it,"Italy, Rende",N/D,False,Organization,,70,0,69,0,252,2019-01-17T14:35:37Z,2025-04-04T11:55:34Z,,https://github.com/UniversitaDellaCalabria,2026-07-21
2026-07-21,hack-gpon,hack-gpon,https://github.com/hack-gpon,https://hack-gpon.github.io/,Italy,N/D,False,Organization,,70,0,8,0,354,2022-08-04T11:40:18Z,2022-12-17T15:03:26Z,,https://github.com/hack-gpon,2026-07-21
2026-07-21,builders-garden,builders.garden,https://github.com/builders-garden,https://builders.garden,Italy,N/D,False,Organization,AI-driven product studio building at the edges and serving as a tech partner for companies.,69,0,178,0,310,2023-11-20T21:32:18Z,2026-03-12T11:43:46Z,,https://github.com/builders-garden,2026-07-21
2026-07-21,CybersecNatLab,CINI Cybersecurity National Lab,https://github.com/CybersecNatLab,https://cybersecnatlab.it/,Italy,N/D,False,Organization,"Il Laboratorio concorre alla creazione dell’ecosistema nazionale della cybersecurity, mettendo a sistema le eccellenze della ricerca in cybersicurezza in Italia",68,0,4,0,153,2022-02-24T16:24:55Z,2026-03-24T08:23:51Z,,https://github.com/CybersecNatLab,2026-07-21
2026-07-21,Luce-Org,Lucebox AI,https://github.com/Luce-Org,https://www.lucebox.com/,Italy,N/D,False,Organization,A personal inference computer for agents.,68,0,3,0,2699,2026-01-03T12:03:26Z,2026-06-20T23:45:31Z,,https://github.com/Luce-Org,2026-07-21
2026-07-21,noi-techpark,NOI Techpark - Südtirol / Alto Adige,https://github.com/noi-techpark,https://noi.bz.it,"Italy, South Tyrol, 39100 Bolzano/Bozen, Volta street 13/A",N/D,False,Organization,,68,0,258,0,208,2016-06-23T06:54:34Z,2026-03-11T10:13:16Z,,https://github.com/noi-techpark,2026-07-21
2026-07-21,openapi,Openapi®,https://github.com/openapi,https://openapi.com/,Home of 🍕,N/D,False,Organization,The Largest Certified API Marketplace & Open Source Ecosystem,68,0,23,0,214,2025-10-20T14:25:43Z,2026-05-05T09:36:26Z,,https://github.com/openapi,2026-07-21
2026-07-21,TdP-2023,"Tecniche di Programmazione (2022/23), Politecnico di Torino",https://github.com/TdP-2023,,Italy,N/D,False,Organization,"Pagina ufficiale del corso di Tecniche di Programmazione, Ing. Gestionale L8, Politecnico di Torino",65,0,29,0,9,2023-01-20T09:12:25Z,2023-02-20T23:23:38Z,,https://github.com/TdP-2023,2026-07-21
2026-07-21,antares-sql,Antares SQL,https://github.com/antares-sql,https://antares-sql.app/,Italy,N/D,False,Organization,"A modern, fast and productivity driven SQL client with a focus in UX",65,0,5,0,2669,2022-03-29T12:53:12Z,2024-01-08T12:04:14Z,,https://github.com/antares-sql,2026-07-21
2026-07-21,robotics-knowledgebase-iit,Robotics Knowledge Base at IIT,https://github.com/robotics-knowledgebase-iit,https://www.iit.it/it/robotics,Italy,N/D,False,Organization,Knowledge Base about Robotics at Istituto Italiano di Tecnologia,65,0,0,0,0,2023-03-22T11:35:02Z,2026-06-22T17:04:46Z,,https://github.com/robotics-knowledgebase-iit,2026-07-21
2026-07-21,cegeka,Cegeka,https://github.com/cegeka,https://www.cegeka.com/,"Belgium, Netherlands, Romania, Germany, Austria, Italy, Czech Republic",N/D,False,Organization,In close cooperation,64,0,202,0,131,2012-01-16T11:16:05Z,2026-07-04T07:04:28Z,,https://github.com/cegeka,2026-07-21
2026-07-21,unibo,University of Bologna,https://github.com/unibo,https://www.unibo.it,"Bologna, Italy",N/D,False,Organization,Open Source @ University of Bologna,64,0,6,0,6,2012-04-16T20:27:46Z,2021-06-28T08:41:55Z,,https://github.com/unibo,2026-07-21
2026-07-21,open-license-manager,Open License Manager,https://github.com/open-license-manager,https://github.com/open-license-manager/licensecc/discussions,Italy,N/D,False,Organization,,62,0,5,0,1362,2014-03-18T09:39:45Z,2026-07-20T15:48:57Z,,https://github.com/open-license-manager,2026-07-21
2026-07-21,sighupio,SIGHUP,https://github.com/sighupio,https://docs.sighup.io/,Italy,N/D,False,Organization,Unleash Kubernetes - Cloud Native and Infrastructures automation - Powered by ReeVo,62,0,54,0,2346,2017-06-13T12:59:37Z,2025-09-26T10:19:40Z,,https://github.com/sighupio,2026-07-21
2026-07-21,Sapienza-ACSAI,ACSAI Sapienza,https://github.com/Sapienza-ACSAI,https://acsai.di.uniroma1.it/,Italy,N/D,False,Organization,An organization made by ACSAI students - ACSAI is a course @ Sapienza University of Rome,60,0,12,0,6,2023-06-16T17:33:40Z,2023-06-22T12:14:54Z,,https://github.com/Sapienza-ACSAI,2026-07-21
2026-07-21,pralab,PRALab,https://github.com/pralab,https://www.saiferlab.ai/labs/pralab,"Cagliari, Italy",N/D,False,Organization,"PRALab - Pattern Recognition and Applications Lab, University of Cagliari, Italy",60,0,30,0,808,2018-10-25T16:58:45Z,2024-09-17T16:53:13Z,,https://github.com/pralab,2026-07-21
2026-07-21,unicam-cs-algorithms-lab,Corso di Algoritmi e Strutture Dati ,https://github.com/unicam-cs-algorithms-lab,,Italy,N/D,False,Organization,"Corso di Laurea in Informatica e in Informatica per la Comunicazione Digitale, Università di Camerino",60,0,36,0,0,2020-12-04T14:43:41Z,2025-10-02T07:03:15Z,,https://github.com/unicam-cs-algorithms-lab,2026-07-21
2026-07-21,BitPolito,BitPolito,https://github.com/BitPolito,www.bitpolito.it," Politecnico di Torino, Turin, Italy",N/D,False,Organization,"Education, research and development on Bitcoin. Politecnico di Torino student team.",59,0,18,0,78,2021-03-15T11:55:32Z,2025-08-15T18:38:49Z,,https://github.com/BitPolito,2026-07-21
2026-07-21,BocconiStudentsFinancialMarkets,BSFM - Bocconi Students Financial Markets,https://github.com/BocconiStudentsFinancialMarkets,https://www.bsfinancialmarkets.com/,"MIlan, Italy",N/D,False,Organization,The official Github page of Bocconi Students Financial Markets association.,59,0,2,0,1,2024-10-02T19:23:52Z,2024-10-03T15:05:51Z,,https://github.com/BocconiStudentsFinancialMarkets,2026-07-21
2026-07-21,CMCC-Foundation,CMCC Foundation,https://github.com/CMCC-Foundation,www.cmcc.it,"Lecce, Italy",N/D,False,Organization,Euro-Mediterranean Center on Climate Change,59,0,59,0,29,2017-02-28T13:27:11Z,2025-06-11T14:05:18Z,,https://github.com/CMCC-Foundation,2026-07-21
2026-07-21,openapi-it,OpenApi,https://github.com/openapi-it,https://openapi.com,Italy,N/D,False,Organization,A RESTful API provider,59,0,4,0,3,2020-06-25T15:31:46Z,2025-09-18T14:12:20Z,,https://github.com/openapi-it,2026-07-21
2026-07-21,cosmoimd,Cosmo MedTech AI,https://github.com/cosmoimd,cosmoimd.com,Italy,N/D,False,Organization,,58,0,7,0,101,2023-02-23T15:25:58Z,2025-08-31T21:56:32Z,,https://github.com/cosmoimd,2026-07-21
2026-07-21,md-cs-student-unipi,MD CS Student @ Unipi,https://github.com/md-cs-student-unipi,https://www.informateci.it,"Pisa, Italy",N/D,False,Organization,Students of Master Degree in Computer Science @ UniPi,58,0,7,0,235,2019-02-11T21:54:35Z,2019-02-12T00:22:18Z,,https://github.com/md-cs-student-unipi,2026-07-21
2026-07-21,xtreamsrl,xtream,https://github.com/xtreamsrl,https://xtreamers.io/,"Milan, Italy",N/D,False,Organization,Building digital products and AI solutions,58,0,47,0,476,2018-04-18T14:47:16Z,2025-11-12T09:45:55Z,,https://github.com/xtreamsrl,2026-07-21
2026-07-21,MachineLearningJournalClub,Machine Learning Journal Club,https://github.com/MachineLearningJournalClub,https://www.mljc.it,"Turin, Italy",N/D,False,Organization,Open Source Machine Learning Research Organization ,56,0,30,0,117,2020-09-14T21:14:24Z,2021-04-20T23:47:53Z,,https://github.com/MachineLearningJournalClub,2026-07-21
2026-07-21,arkemis,Arkemis,https://github.com/arkemis,https://arkemis.it,Italy,N/D,False,Organization,"The <Hub tech>  for those who build, learn, and innovate.",56,0,17,0,188,2021-04-01T19:56:07Z,2026-02-09T22:46:34Z,,https://github.com/arkemis,2026-07-21
2026-07-21,boolean-it,Boolean IT,https://github.com/boolean-it,https://boolean.careers/,Italy,N/D,False,Organization,Boolean Tech Academy,56,0,25,0,1,2023-02-05T19:19:58Z,2025-10-01T13:53:23Z,,https://github.com/boolean-it,2026-07-21
2026-07-21,sftpgo,SFTPGo,https://github.com/sftpgo,https://sftpgo.com,Italy,N/D,False,Organization,Full-featured and highly configurable event-driven file transfer solution,55,0,13,0,81,2021-07-02T08:57:09Z,2026-03-03T08:07:52Z,,https://github.com/sftpgo,2026-07-21
2026-07-21,sna-unipi,Social Network Analysis (& Laboratory) @ University of Pisa,https://github.com/sna-unipi,https://elearning.di.unipi.it/enrol/index.php?id=211,"Pisa, Italy",N/D,False,Organization,"Repositories for the SNA & ACN courses (Computer Science, Data Science, Digital Humanities, Physics, Peace Science)",55,0,16,0,55,2019-03-14T07:34:18Z,2026-07-14T13:06:36Z,,https://github.com/sna-unipi,2026-07-21
2026-07-21,Arubacloud,ArubaCloud,https://github.com/Arubacloud,https://www.arubacloud.com,24036 Ponte San Pietro (BG) Italy,N/D,False,Organization,ArubaCloud - Aruba S.p.A,54,0,22,0,142,2015-11-03T14:09:51Z,2026-05-22T08:39:55Z,,https://github.com/Arubacloud,2026-07-21
2026-07-21,Babelscape,Babelscape,https://github.com/Babelscape,https://babelscape.com,Italy,N/D,False,Organization,Babelscape is a deep tech company founded in 2016 focused on multilingual Natural Language Processing.,54,0,19,0,1004,2021-09-17T08:59:05Z,2021-09-17T09:20:34Z,,https://github.com/Babelscape,2026-07-21
2026-07-21,Security-Cert,SecurityCert,https://github.com/Security-Cert,https://discord.gg/securitycert-783304196072931329,Italy,N/D,False,Organization," SecurityCert è la community italiana che racchiude professionisti, studenti e appassionati di cyber security.",54,0,8,0,6,2022-07-12T15:24:57Z,2023-05-12T12:17:22Z,,https://github.com/Security-Cert,2026-07-21
2026-07-21,ICTP,International Centre for Theoretical Physics,https://github.com/ICTP,www.ictp.it,Italy,N/D,False,Organization,"ICTP is a special organization, a UNESCO category 1 institute,  that combines excellence in research with  international cooperation through science",53,0,9,0,80,2021-11-22T13:45:00Z,2021-11-22T14:09:57Z,,https://github.com/ICTP,2026-07-21
2026-07-21,mindedsecurity,IMQ Minded Security,https://github.com/mindedsecurity,http://www.mindedsecurity.com,Italy,N/D,False,Organization,,53,0,19,0,1831,2016-02-26T10:29:58Z,2025-07-01T07:11:02Z,,https://github.com/mindedsecurity,2026-07-21
2026-07-21,CalcolatoriElettronici,Calcolatori Elettronici,https://github.com/CalcolatoriElettronici,,Italy,N/D,False,Organization,,52,0,0,0,0,2019-12-19T15:37:47Z,2026-07-10T13:20:26Z,,https://github.com/CalcolatoriElettronici,2026-07-21
2026-07-21,agile-lab-dev,Agile Lab,https://github.com/agile-lab-dev,http://www.agilelab.it,"Turin, Italy",N/D,False,Organization,,52,0,119,0,409,2016-09-19T15:02:27Z,2025-09-28T11:57:54Z,,https://github.com/agile-lab-dev,2026-07-21
2026-07-21,deltatre-innovation-lab,Deltatre Innovation Lab,https://github.com/deltatre-innovation-lab,https://www.deltatre.com,Italy,N/D,False,Organization,Innovation Lab Organization,52,0,0,0,0,2023-10-25T09:08:04Z,2026-07-06T11:52:57Z,,https://github.com/deltatre-innovation-lab,2026-07-21
2026-07-21,prisma-lab,Prisma Lab,https://github.com/prisma-lab,https://prisma.dieti.unina.it/,"Naples, Italy",N/D,False,Organization,"Projects of Robotics for Industry and Services, Mechatronics and Automation",52,0,38,0,135,2021-02-23T06:29:51Z,2025-02-27T18:12:12Z,,https://github.com/prisma-lab,2026-07-21
2026-07-21,sebaubuntu-python,SebaUbuntu's Python projects,https://github.com/sebaubuntu-python,,Italy,N/D,False,Organization,,52,0,9,0,611,2022-08-26T22:28:23Z,2026-04-16T14:15:41Z,,https://github.com/sebaubuntu-python,2026-07-21
2026-07-21,Cineca,Cineca,https://github.com/Cineca,https://www.cineca.it,Italy,N/D,False,Organization,,51,0,8,0,47,2013-11-19T09:59:57Z,2025-02-02T20:50:47Z,,https://github.com/Cineca,2026-07-21
2026-07-21,ECSC2024,ECSC2024,https://github.com/ECSC2024,https://ecsc2024.it/,Italy,N/D,False,Organization,The European Cyber Security Challenge is an initiative by ENISA and aims at enhancing cybersecurity talent across Europe,51,0,3,0,132,2021-10-04T22:33:14Z,2024-10-24T09:40:37Z,,https://github.com/ECSC2024,2026-07-21
2026-07-21,OctoGramApp,OctoGram,https://github.com/OctoGramApp,https://octogramapp.github.io,Italy,N/D,False,Organization,OctoGram is an unofficial messaging app that uses Telegram's API.,51,0,6,0,436,2023-04-30T17:16:25Z,2025-05-09T06:52:20Z,,https://github.com/OctoGramApp,2026-07-21
2026-07-21,consiglionazionaledellericerche,The National Research Council (CNR),https://github.com/consiglionazionaledellericerche,cnr.it,"Piazzale Aldo Moro, 7 - 00185 Rome, Italy",N/D,False,Organization,Open source code and developers community of the National Research Council (CNR) which is the largest public research institution in Italy,51,0,44,0,113,2019-06-20T17:37:32Z,2023-02-21T08:39:41Z,,https://github.com/consiglionazionaledellericerche,2026-07-21
2026-07-21,openpolis,Openpolis,https://github.com/openpolis,http://www.openpolis.it,"Roma, Italia",Civic tech,False,Organization,"Open data, open government, open source.",51,0,70,0,214,2009-12-10T09:13:07Z,2020-06-01T18:16:26Z,,https://github.com/openpolis,2026-07-21
2026-07-21,sparkfabrik,SparkFabrik,https://github.com/sparkfabrik,http://www.sparkfabrik.com,Italy,N/D,False,Organization,,51,0,117,0,647,2015-03-06T09:09:44Z,2024-04-15T13:44:46Z,,https://github.com/sparkfabrik,2026-07-21
2026-07-21,mhackeroni,mhackeroni,https://github.com/mhackeroni,https://mhackeroni.it,Italy,N/D,False,Organization,Italian CTF Team,50,0,3,0,5,2018-05-08T16:10:17Z,2020-12-10T23:00:12Z,,https://github.com/mhackeroni,2026-07-21
2026-07-21,nebulab,Nebulab,https://github.com/nebulab,https://nebulab.com,Italy,N/D,False,Organization,Building the New Commerce Frontier.,50,0,238,0,1755,2011-05-25T08:27:45Z,2025-04-07T14:38:07Z,,https://github.com/nebulab,2026-07-21
2026-07-21,necst,NECSTLab,https://github.com/necst,https://necst.it,"Milan, Italy",N/D,False,Organization,,50,0,132,0,679,2013-03-08T15:28:21Z,2026-06-22T11:44:06Z,,https://github.com/necst,2026-07-21
2026-07-21,AidaDSP,Aida DSP,https://github.com/AidaDSP,http://www.aidadsp.cc,Turin (Italy),N/D,False,Organization,Your next audio project,49,0,6,0,401,2015-05-09T09:58:21Z,2021-01-05T09:29:52Z,,https://github.com/AidaDSP,2026-07-21
2026-07-21,ArtisanROM,ArtisanROM,https://github.com/ArtisanROM,,Italy,N/D,False,Organization,ArtisanROM - A work-in-progress ROM based on OneUI aiming for simplicity and ease of use.,49,0,2,0,181,2025-05-14T05:51:14Z,2026-02-01T14:10:01Z,,https://github.com/ArtisanROM,2026-07-21
2026-07-21,TwentyTwoHW,TwentyTwo Devices,https://github.com/TwentyTwoHW,https://twenty-two.xyz,Italy,N/D,False,Organization,"Makers of Portal, the first mobile-native hardware wallet",49,0,7,0,55,2024-02-24T12:23:10Z,2024-02-24T12:24:49Z,,https://github.com/TwentyTwoHW,2026-07-21
2026-07-21,newcleo-dev-team,newcleo,https://github.com/newcleo-dev-team,https://www.newcleo.com,Italy,N/D,False,Organization,GitHub page of the newcleo development team,49,0,9,0,27,2022-09-09T16:48:04Z,2022-09-21T08:00:15Z,,https://github.com/newcleo-dev-team,2026-07-21
2026-07-21,CyberChallengeIT,CyberChallenge.IT,https://github.com/CyberChallengeIT,https://cyberchallenge.it/,Italy,N/D,False,Organization,CyberChallenge.IT is the first Italian introductory training program in cybersecurity for talented high-school and undergraduate students.,48,0,1,0,13,2016-12-19T15:11:05Z,2023-09-14T08:10:59Z,,https://github.com/CyberChallengeIT,2026-07-21
2026-07-21,ProjectoOfficial,Projecto,https://github.com/ProjectoOfficial,https://projectoofficial.github.io/,Italy,N/D,False,Organization,Official GitHub account of Projecto YouTube Channel,48,0,19,0,99,2019-04-26T22:17:00Z,2024-08-31T20:36:21Z,,https://github.com/ProjectoOfficial,2026-07-21
2026-07-21,TheSignAcademy,TheSIGN – Comics & Arts Academy,https://github.com/TheSignAcademy,https://thesign.academy,Firenze - Italy,N/D,False,Organization,,48,0,3,0,3,2018-11-30T16:46:13Z,2019-12-10T09:50:59Z,,https://github.com/TheSignAcademy,2026-07-21
2026-07-21,edge-group-polito,EDGE Group - PoliTO,https://github.com/edge-group-polito,,Italy,N/D,False,Organization,EDGE group @ Dipartimento di Elettronica e Telecomunicazioni (DET) in Politecnico di Torino,48,0,47,0,95,2023-07-13T14:35:36Z,2026-07-16T11:23:03Z,,https://github.com/edge-group-polito,2026-07-21
2026-07-21,polito-aw1-2025-exams,Applicazioni Web I - Esami & Lab - 2024/2025,https://github.com/polito-aw1-2025-exams,https://bit.ly/polito-aw1,Italy,N/D,False,Organization,Organizzazione per gestire gli esami e i lab di gruppo di AW1,48,0,1,0,1,2025-02-22T16:21:26Z,2026-06-25T19:26:01Z,,https://github.com/polito-aw1-2025-exams,2026-07-21
2026-07-21,CentroEPiaggio,"Bioengineering and Robotics Research Center ""E. Piaggio"" - University of Pisa",https://github.com/CentroEPiaggio,http://www.centropiaggio.unipi.it/,"Via Diotisalvi, 2. Pisa, Italy",N/D,False,Organization,,47,0,167,0,474,2013-06-13T11:31:17Z,2026-06-22T11:46:57Z,,https://github.com/CentroEPiaggio,2026-07-21
2026-07-21,Cyber-HackAdemy-UniNa,Cyber HackAdemy UniNa,https://github.com/Cyber-HackAdemy-UniNa,https://cyberhackademy.unina.it,Italy,N/D,False,Organization,,47,0,5,0,9,2021-03-29T15:26:30Z,2021-10-20T15:54:27Z,,https://github.com/Cyber-HackAdemy-UniNa,2026-07-21
2026-07-21,OpenOSINT,OpenOSINT,https://github.com/OpenOSINT,openosint.tech,Italy,N/D,False,Organization,"AI-powered OSINT agent for the terminal. Investigate emails, usernames, domains and more using Claude, GPT-5 or local models.",47,0,1,0,1077,2026-05-05T15:37:35Z,2026-07-14T13:55:28Z,,https://github.com/OpenOSINT,2026-07-21
2026-07-21,beelzebub-labs,Beelzebub Labs,https://github.com/beelzebub-labs,https://beelzebub.ai,Italy,N/D,False,Organization,Beelzebub is an AI-native security platform that redefines cybersecurity for the age of autonomous agents and AI-driven threats. ,47,0,7,0,2205,2025-08-01T06:09:26Z,2026-04-15T09:51:19Z,,https://github.com/beelzebub-labs,2026-07-21
2026-07-21,event-driven-robotics,Event Driven Perception for Robotics,https://github.com/event-driven-robotics,https://edpr.iit.it/,"Genova, Italy",N/D,False,Organization,Advancing robotics through event-driven sensing and algorithms,47,0,71,0,191,2018-09-11T10:22:40Z,2026-07-03T13:06:49Z,,https://github.com/event-driven-robotics,2026-07-21
2026-07-21,satispay-tech,Satispay Tech,https://github.com/satispay-tech,https://www.satispay.com/,Italy,N/D,False,Organization,Private Satispay Tech GitHub,47,0,0,0,0,2025-02-20T10:55:32Z,2026-07-13T12:23:44Z,,https://github.com/satispay-tech,2026-07-21
2026-07-21,vlsi-lab,VLSI lab - PoliTO,https://github.com/vlsi-lab,https://www.vlsilab.polito.it,Italy,N/D,False,Organization,VLSI lab @ Dipartimento di Elettronica e Telecomunicazioni (DET) in Politecnico di Torino,47,0,46,0,94,2023-07-13T14:35:36Z,2024-09-16T15:13:03Z,,https://github.com/vlsi-lab,2026-07-21
2026-07-21,EOS-Solutions,Eos Solutions ,https://github.com/EOS-Solutions,https://www.eos-solutions.it/,Italy,N/D,False,Organization,,46,0,15,0,46,2020-10-16T08:46:42Z,2023-07-03T13:34:24Z,,https://github.com/EOS-Solutions,2026-07-21
2026-07-21,datalogic,Datalogic,https://github.com/datalogic,http://www.datalogic.com/eng/products/automatic-data-capture/mobile-computers-pc-5.html,"Bologna, Italy",N/D,False,Organization,Datalogic is an industrial group whose core specialties are Automatic Data Capture and Industrial Automation.,46,0,86,0,108,2015-10-30T08:37:47Z,2026-05-11T10:29:00Z,,https://github.com/datalogic,2026-07-21
2026-07-21,idra-lab, Interdepartmental Robotics Labs (IDRA),https://github.com/idra-lab,https://idra.unitn.it,Italy,N/D,False,Organization,Official repository of the The Interdepartmental Robotics Labs (IDRA) of the University of Trento.,46,0,99,0,269,2023-08-07T19:07:23Z,2026-03-05T17:51:52Z,,https://github.com/idra-lab,2026-07-21
2026-07-21,squadracorsepolito,Squadra Corse PoliTO,https://github.com/squadracorsepolito,https://www.squadracorsepolito.com/,Italy,N/D,False,Organization,Politecnico di Torino Formula SAE team,46,0,38,0,56,2022-10-03T07:53:38Z,2024-08-22T12:13:30Z,,https://github.com/squadracorsepolito,2026-07-21
2026-07-21,Datamasters-it,DataMasters.it,https://github.com/Datamasters-it,https://datamasters.it/,"Bari, Italy",N/D,False,Organization,"La MasterClass italiana dedicata all'Artificial Intelligence, al Machine Learning e alla Data Science",45,0,11,0,10,2021-05-19T08:22:12Z,2026-02-18T13:48:51Z,,https://github.com/Datamasters-it,2026-07-21
2026-07-21,downthemall,DownThemAll!,https://github.com/downthemall,https://www.downthemall.org/,Italy/Germany,N/D,False,Organization,,45,0,9,0,1750,2011-09-10T19:44:58Z,2019-08-31T11:48:45Z,,https://github.com/downthemall,2026-07-21
2026-07-21,monocasual,Monocasual Laboratories,https://github.com/monocasual,,Italy,N/D,False,Organization,We are part of the mystery we are trying to solve.,45,0,16,0,2095,2011-04-26T10:06:46Z,2026-05-04T19:32:32Z,,https://github.com/monocasual,2026-07-21
2026-07-21,osservatorionessuno,Osservatorio Nessuno OdV,https://github.com/osservatorionessuno,https://osservatorionessuno.org,Italy,N/D,False,Organization,,45,0,14,0,87,2023-07-16T16:21:34Z,2026-07-13T16:41:56Z,,https://github.com/osservatorionessuno,2026-07-21
2026-07-21,prometeia-erm,prometeia-erm,https://github.com/prometeia-erm,,Italy,N/D,False,Organization,,45,0,3,0,0,2020-07-01T12:50:57Z,2025-06-26T07:26:51Z,,https://github.com/prometeia-erm,2026-07-21
2026-07-21,PoliNetworkOrg,PoliNetwork APS,https://github.com/PoliNetworkOrg,https://polinetwork.org,Italy,N/D,False,Organization,,44,0,64,0,48,2021-07-30T13:08:54Z,2026-07-08T15:01:48Z,,https://github.com/PoliNetworkOrg,2026-07-21
2026-07-21,code-with-the-italians,Code with the Italians,https://github.com/code-with-the-italians,https://codewiththeitalians.it,Italy,N/D,False,Organization,"Two Italians and their friends live code interesting stuff, then dump their code here.",44,0,7,0,309,2021-05-30T17:36:21Z,2023-08-07T12:29:01Z,,https://github.com/code-with-the-italians,2026-07-21
2026-07-21,sisinflab,Information Systems Lab @ Polytechnic University of Bari,https://github.com/sisinflab,http://sisinflab.poliba.it,"Bari, Italy",N/D,False,Organization,,44,0,144,0,1088,2014-12-30T19:07:33Z,2024-04-05T17:08:49Z,,https://github.com/sisinflab,2026-07-21
2026-07-21,OBJEX-Labs,OBJEX LABS,https://github.com/OBJEX-Labs,objexlabs.com,Italy,N/D,False,Organization,OBJEX designs hardware for IoT applications and also leads R&D activities to improve the energy efficiency and environmental impact of smart devices.,43,0,5,0,17,2023-07-10T06:55:44Z,2023-07-31T16:09:16Z,,https://github.com/OBJEX-Labs,2026-07-21
2026-07-21,Pwnzer0tt1,Pwnzer0tt1,https://github.com/Pwnzer0tt1,https://pwnzer0tt1.it,Italy,N/D,False,Organization,Always ready to hack and eat panzerotti 🚩,43,0,11,0,216,2022-06-09T17:11:09Z,2024-07-07T14:11:15Z,,https://github.com/Pwnzer0tt1,2026-07-21
2026-07-21,UnivaqStudentHub,UnivaqStudentHub,https://github.com/UnivaqStudentHub,,Italy,N/D,False,Organization,The organization where students of the Univaq university gather tools for students,43,0,5,0,21,2022-09-27T20:27:33Z,2023-06-28T20:57:28Z,,https://github.com/UnivaqStudentHub,2026-07-21
2026-07-21,dataciviclab,DataCivicLab,https://github.com/dataciviclab,https://dataciviclab.org/,Italy,N/D,False,Organization,Uno spazio aperto e collaborativo dove proviamo a costruire infrastruttura e intelligenza civica.,43,0,19,0,37,2026-01-24T00:01:30Z,2026-06-29T09:21:17Z,,https://github.com/dataciviclab,2026-07-21
2026-07-21,drindrin-tech,DrinDrin,https://github.com/drindrin-tech,movimentodrindrin.it,Italy,N/D,False,Organization,,43,0,0,0,0,2024-08-25T20:51:02Z,2024-12-21T18:19:33Z,,https://github.com/drindrin-tech,2026-07-21
2026-07-21,sissa,Master in High Performance Computing @ Sissa/ICTP,https://github.com/sissa,http://www.mhpc.it,"Trieste, Italy",N/D,False,Organization,,43,0,10,0,45,2014-07-19T08:23:12Z,2021-03-06T17:35:19Z,,https://github.com/sissa,2026-07-21
2026-07-21,CoralMC-It,CoralMC,https://github.com/CoralMC-It,https://coralmc.it,Italy,N/D,False,Organization,#1 Minecraft Server (per players) in Italy.,42,0,2,0,0,2021-01-20T20:16:01Z,2026-01-29T00:49:35Z,,https://github.com/CoralMC-It,2026-07-21
2026-07-21,MAL-TO,MALTO,https://github.com/MAL-TO,,"Turin, Italy",N/D,False,Organization,MALTO is a Politecnico di Torino student team with the goal of taking part in data science and machine learning competitions.,42,0,14,0,10,2020-12-04T22:47:14Z,2025-11-11T11:33:58Z,,https://github.com/MAL-TO,2026-07-21
2026-07-21,Riverscapes,Riverscapes,https://github.com/Riverscapes,www.riverscapes.net,"International Collaboration (US, Canada, New Zealand, Australia, Spain, Italy, France, UK)",N/D,False,Organization,"A collaboration of riverscapes scientists, practitioners and managers collectively concerned with riverscape health..",42,0,63,0,96,2016-09-04T05:20:25Z,2025-12-11T17:34:11Z,,https://github.com/Riverscapes,2026-07-21
2026-07-21,Unipd-Object-Oriented-Programming,Unipd - Object Oriented Programming,https://github.com/Unipd-Object-Oriented-Programming,,Italy,N/D,False,Organization,Code repository for the Object Oriented Programming course.,42,0,5,0,12,2022-11-18T14:56:51Z,2022-11-18T15:03:03Z,,https://github.com/Unipd-Object-Oriented-Programming,2026-07-21
2026-07-21,olimpiadi-informatica,Olimpiadi Italiane di Informatica,https://github.com/olimpiadi-informatica,http://olimpiadi-informatica.it/,Italy,N/D,False,Organization,,42,0,33,0,132,2015-01-04T00:47:35Z,2020-05-08T09:16:45Z,,https://github.com/olimpiadi-informatica,2026-07-21
2026-07-21,orobix,Orobix,https://github.com/orobix,www.orobix.com,"Bergamo, Italy",N/D,False,Organization,,42,0,20,0,2743,2010-12-10T13:23:29Z,2021-06-03T14:04:41Z,,https://github.com/orobix,2026-07-21
2026-07-21,JuliaSpaceMissionDesign,Julia Space Mission Design,https://github.com/JuliaSpaceMissionDesign,,Italy,N/D,False,Organization,,41,0,14,0,70,2023-04-15T15:58:17Z,2023-11-11T16:31:03Z,,https://github.com/JuliaSpaceMissionDesign,2026-07-21
2026-07-21,aclai-lab,Applied Computational Logic and Artificial Intelligence Laboratory,https://github.com/aclai-lab,aclai.unife.it,Italy,N/D,False,Organization,"Applied Computational Logic and Artificial Intelligence (ACLAI) Laboratory of the Department of Mathematics and Computer Science, University of Ferrara",41,0,40,0,213,2021-06-03T08:55:04Z,2026-07-04T14:07:53Z,,https://github.com/aclai-lab,2026-07-21
2026-07-21,defstudio,def:studio,https://github.com/defstudio,https://defstudio.it,"Bari, Italy",N/D,False,Organization,,41,0,52,0,1315,2021-01-07T11:40:58Z,2025-01-23T09:17:51Z,,https://github.com/defstudio,2026-07-21
2026-07-21,namirialgroup,Namirial Group,https://github.com/namirialgroup,https://www.namirial.com/,Italy,N/D,False,Organization,,41,0,4,0,4,2021-07-28T14:52:57Z,2026-05-25T10:57:40Z,,https://github.com/namirialgroup,2026-07-21
2026-07-21,ventunobtc,Ventuno ,https://github.com/ventunobtc,https://ventuno.space/,Italy,N/D,False,Organization,"Ventuno è una comunità open-source, il cui obiettivo è diffondere le migliori risorse Bitcoin, in italiano 🇮🇹",41,0,11,0,36,2022-04-29T11:59:02Z,2023-06-21T02:02:53Z,,https://github.com/ventunobtc,2026-07-21
2026-07-21,DeMaCS-UNICAL,Department of Mathematics and Computer Science,https://github.com/DeMaCS-UNICAL,www.mat.unical.it,Italy,N/D,False,Organization,,40,0,70,0,172,2015-09-16T15:33:36Z,2026-06-29T11:47:04Z,,https://github.com/DeMaCS-UNICAL,2026-07-21
2026-07-21,HPC-Courses,MOX HPC Courses Repositories,https://github.com/HPC-Courses,,Italy,N/D,False,Organization,Educational material,40,0,5,0,72,2022-07-08T07:02:34Z,2026-07-20T15:54:43Z,,https://github.com/HPC-Courses,2026-07-21
2026-07-21,ItsVixano-releases,ItsVixano Releases,https://github.com/ItsVixano-releases,https://wiki.itsvixano.me,Italy,N/D,False,Organization,,40,0,15,0,179,2022-05-10T10:24:58Z,2025-05-23T22:12:42Z,,https://github.com/ItsVixano-releases,2026-07-21
2026-07-21,ShielderSec,Shielder,https://github.com/ShielderSec,https://shielder.com,Italy,N/D,False,Organization,,40,0,11,0,384,2016-12-14T10:03:21Z,2022-11-13T13:24:05Z,,https://github.com/ShielderSec,2026-07-21
2026-07-21,eml-eda,"Efficient ML @ EDA Group, Politecnico di Torino",https://github.com/eml-eda,,Italy,N/D,False,Organization,,40,0,55,0,259,2021-10-19T15:10:50Z,2022-11-30T11:41:23Z,,https://github.com/eml-eda,2026-07-21
2026-07-21,gethecookie,Get The Cookie,https://github.com/gethecookie,https://youtube.com/GetTheCookie,Italy,N/D,False,Organization,,40,0,3,0,9,2020-07-01T15:39:16Z,2022-05-10T09:10:11Z,,https://github.com/gethecookie,2026-07-21
2026-07-21,zupit-it,Zupit,https://github.com/zupit-it,https://zupit.it,Italy,N/D,False,Organization,We enjoy building and designing digital products and services.,40,0,17,0,6,2022-09-07T11:20:31Z,2026-07-13T07:08:31Z,,https://github.com/zupit-it,2026-07-21
2026-07-21,Katamaze,Katamaze,https://github.com/Katamaze,https://katamaze.com,Italy,N/D,False,Organization,We help Hosting Providers to prosper and grow with WHMCS,39,0,4,0,545,2018-10-06T21:35:07Z,2020-07-23T10:20:24Z,,https://github.com/Katamaze,2026-07-21
2026-07-21,NON-OS,NØNOS,https://github.com/NON-OS,https://nonos.systems,Italy,N/D,False,Organization,Zero-trust operating system. Built from bare metal. https://nonos.software,39,0,18,0,101,2025-04-15T07:22:05Z,2026-03-18T18:11:48Z,,https://github.com/NON-OS,2026-07-21
2026-07-21,RegestaItalia,RegGitHub,https://github.com/RegestaItalia,https://www.regestaitalia.it,Italy,N/D,False,Organization,Regesta GitHub,39,0,35,0,21,2021-08-09T14:12:12Z,2026-07-13T15:01:25Z,,https://github.com/RegestaItalia,2026-07-21
2026-07-21,VicidominiLab,Vicidomini Lab,https://github.com/VicidominiLab,https://vicidominilab.github.io/,"Genova, Italy",N/D,False,Organization,,39,0,31,0,74,2020-02-25T14:53:13Z,2025-06-10T14:05:19Z,,https://github.com/VicidominiLab,2026-07-21
2026-07-21,WEEE-Open,WEEE Open,https://github.com/WEEE-Open,http://weeeopen.polito.it/,"Torino, Italy",N/D,False,Organization,,39,0,71,0,129,2016-11-24T19:26:06Z,2018-09-06T08:12:17Z,,https://github.com/WEEE-Open,2026-07-21
2026-07-21,grok-ai,Grok AI,https://github.com/grok-ai,,Italy,N/D,False,Organization,,39,0,5,0,692,2022-02-03T10:01:10Z,2025-02-20T14:19:08Z,,https://github.com/grok-ai,2026-07-21
2026-07-21,mint-ai,MINT.AI,https://github.com/mint-ai,https://mint.ai/,Italy,N/D,False,Organization,,39,0,7,0,0,2022-09-12T14:02:51Z,2026-05-25T09:46:36Z,,https://github.com/mint-ai,2026-07-21
2026-07-21,netgroup-polito,Netgroup,https://github.com/netgroup-polito,http://netgroup.polito.it,"Politecnico di Torino, Turin, Italy",N/D,False,Organization,"Computer Networks Group at Politecnico di Torino, Italy",39,0,97,0,386,2015-06-01T07:54:07Z,2026-07-08T11:56:01Z,,https://github.com/netgroup-polito,2026-07-21
2026-07-21,tsi-unito,TSI @ Unito,https://github.com/tsi-unito,,Italy,N/D,False,Organization,Team Studentesco del Dipartimento di Informatica dell'Università degli Studi di Torino,39,0,6,0,287,2022-08-23T12:27:38Z,2025-05-08T15:49:33Z,,https://github.com/tsi-unito,2026-07-21
2026-07-21,Master-Data-Management-and-Curation,Master Data Management and Curation,https://github.com/Master-Data-Management-and-Curation,https://zenodo.org/communities/mdmc,Italy,N/D,False,Organization,The public repository of the Master in Data Management and Curation. ,38,0,12,0,12,2024-09-11T14:13:48Z,2024-10-01T11:53:13Z,,https://github.com/Master-Data-Management-and-Curation,2026-07-21
2026-07-21,blackswan-quants,BlackswanQuants,https://github.com/blackswan-quants,,Italy,N/D,False,Organization,,38,0,18,0,17,2024-03-13T15:37:46Z,2026-05-20T12:59:04Z,,https://github.com/blackswan-quants,2026-07-21
2026-07-21,c-hydro,"CIMA Research Foundation - Departments of Hydrology and Hydraulics, and Drought",https://github.com/c-hydro,https://www.cimafoundation.org/,"Savona, Italy",N/D,False,Organization,"CIMA Research Foundation is a non-profit research organization committed to promote the study, scientific research, technological development.",38,0,42,0,27,2018-01-19T14:25:07Z,2025-11-17T13:49:34Z,,https://github.com/c-hydro,2026-07-21
2026-07-21,exaconsrl,Exacon,https://github.com/exaconsrl,https://www.exacon.it,"Milano, Italy",N/D,False,Organization,Information Technology,38,0,0,0,0,2020-04-14T12:20:11Z,2023-05-30T08:00:06Z,,https://github.com/exaconsrl,2026-07-21
2026-07-21,maize-tech,MAIZE,https://github.com/maize-tech,https://maize.io,Italy,N/D,False,Organization,,38,0,24,0,1641,2021-10-11T14:29:12Z,2025-01-20T17:16:39Z,,https://github.com/maize-tech,2026-07-21
2026-07-21,phuselab,PHUSE Lab,https://github.com/phuselab,http://phuselab.di.unimi.it/,"Università degli Studi di Milano, Italy",N/D,False,Organization,,38,0,28,0,888,2017-04-06T12:34:28Z,2026-06-29T12:00:34Z,,https://github.com/phuselab,2026-07-21
2026-07-21,team-diana,DIANA,https://github.com/team-diana,http://www.teamdiana.it,"Turin, Italy",N/D,False,Organization,We build rovers.,38,0,17,0,11,2013-11-28T14:12:35Z,2026-07-17T11:42:48Z,,https://github.com/team-diana,2026-07-21
2026-07-21,wordlift,WordLift,https://github.com/wordlift,https://wordlift.io,Italy,N/D,False,Organization,The AI to automate your SEO,38,0,60,0,39,2014-02-28T15:47:11Z,2026-07-11T07:15:54Z,,https://github.com/wordlift,2026-07-21
2026-07-21,istat,istat,https://github.com/istat,https://www.istat.it,"Via Cesare Balbo 16, 00184 Rome",Ricerca,False,Organization,Organizzazione GitHub associata a Istat.,9,0,12,0,7,2023-02-10T14:31:40Z,2025-11-13T13:00:36Z,,https://github.com/istat,2026-07-21
2026-07-21,alterloop,Alterloop | Francesco Bianco,https://github.com/alterloop,https://alterloop.dev,Italy,N/D,False,Organization,CI/CD Experts ~ DevOps Consultancy ~ Open Source Solutions,1,0,5,0,6,2019-02-26T23:25:58Z,2025-02-17T10:34:33Z,,https://github.com/alterloop,2026-07-21
